risk_budget,method,split,seed,episodes,success,aborted,repeated_abort,violation,abstained,path_efficiency,completion_time,safety_margin,boundary_f1,boundary_iou,calibration_brier,calibration_ece,chosen_path_risk,discovered_area,tail_risk
0.08,abort_constraint_discovery_v5,combined_abort_stress,0,8,0.25000,0.50000,0.50000,0.50000,0.50000,0.06286,4.67696,0.36836,0.43954,0.28228,0.17708,0.20109,0.60333,0.29352,0.75000
0.08,abort_constraint_discovery_v5,combined_abort_stress,1,8,0.50000,0.50000,0.12500,0.50000,0.50000,0.17806,2.79371,0.25898,0.41759,0.26674,0.17722,0.21157,0.53880,0.27930,0.50000
0.08,abort_constraint_discovery_v5,combined_abort_stress,2,8,0.87500,0.25000,0.12500,0.25000,0.12500,0.28104,3.71074,0.01790,0.45922,0.30099,0.16916,0.21862,0.23603,0.30883,0.12500
0.08,abort_constraint_discovery_v5,combined_abort_stress,3,8,0.50000,0.37500,0.25000,0.25000,0.50000,0.15074,2.91168,0.25387,0.44820,0.28981,0.16598,0.19730,0.55691,0.28836,0.50000
0.08,abort_constraint_discovery_v5,combined_abort_stress,4,8,0.50000,0.00000,0.00000,0.00000,0.50000,0.14548,1.54064,0.51390,0.45957,0.30175,0.15508,0.20406,0.54625,0.26781,0.50000
0.08,abort_constraint_discovery_v5,combined_abort_stress,5,8,0.12500,0.37500,0.25000,0.12500,0.87500,0.09836,1.62033,0.50046,0.44450,0.28728,0.16609,0.19044,0.88326,0.27461,0.87500
0.08,abort_constraint_discovery_v5,combined_abort_stress,6,8,0.62500,0.37500,0.12500,0.12500,0.25000,0.20726,4.49708,0.00880,0.44762,0.28870,0.16562,0.20486,0.37744,0.27696,0.37500
0.08,abort_constraint_discovery_v5,combined_abort_stress,7,8,0.37500,0.37500,0.12500,0.37500,0.50000,0.15386,2.74355,0.38106,0.42177,0.27114,0.16703,0.20624,0.57959,0.25969,0.62500
0.08,conformal_abort_risk_filter,combined_abort_stress,0,8,0.37500,0.75000,0.62500,0.75000,0.00000,0.13349,6.24272,-0.01130,0.36883,0.22724,0.12579,0.09860,0.17130,0.15656,0.62500
0.08,conformal_abort_risk_filter,combined_abort_stress,1,8,0.37500,0.87500,0.87500,0.75000,0.00000,0.11020,7.23913,-0.02015,0.41195,0.26059,0.11864,0.10620,0.14570,0.17133,0.62500
0.08,conformal_abort_risk_filter,combined_abort_stress,2,8,0.87500,0.50000,0.25000,0.25000,0.00000,0.27757,4.03658,0.01444,0.40437,0.25632,0.11272,0.10491,0.12782,0.14554,0.12500
0.08,conformal_abort_risk_filter,combined_abort_stress,3,8,0.50000,0.62500,0.50000,0.62500,0.00000,0.20538,5.03931,-0.00355,0.40953,0.25834,0.11641,0.10664,0.15652,0.15813,0.50000
0.08,conformal_abort_risk_filter,combined_abort_stress,4,8,0.62500,0.50000,0.50000,0.50000,0.00000,0.21712,4.67771,0.00332,0.45361,0.29686,0.10487,0.09974,0.16445,0.15344,0.37500
0.08,conformal_abort_risk_filter,combined_abort_stress,5,8,0.75000,0.37500,0.25000,0.37500,0.00000,0.29185,3.64064,0.00397,0.41879,0.26731,0.11249,0.08818,0.13598,0.13906,0.25000
0.08,conformal_abort_risk_filter,combined_abort_stress,6,8,0.75000,0.62500,0.50000,0.50000,0.00000,0.22161,4.86488,-0.00514,0.40734,0.25672,0.11600,0.10281,0.15819,0.14976,0.25000
0.08,conformal_abort_risk_filter,combined_abort_stress,7,8,0.87500,0.50000,0.37500,0.50000,0.00000,0.28328,4.02185,0.00663,0.38703,0.24205,0.11278,0.09448,0.11622,0.13039,0.12500
0.08,constraint_classifier,combined_abort_stress,0,8,0.62500,0.75000,0.62500,0.75000,0.00000,0.16745,6.50605,-0.00753,0.38094,0.23591,0.16788,0.17877,0.17672,0.28758,0.37500
0.08,constraint_classifier,combined_abort_stress,1,8,0.62500,0.87500,0.87500,0.87500,0.00000,0.13458,6.75266,-0.00867,0.39865,0.25054,0.16582,0.18958,0.21060,0.29484,0.37500
0.08,constraint_classifier,combined_abort_stress,2,8,0.75000,0.62500,0.37500,0.62500,0.00000,0.23572,5.71433,0.00641,0.40386,0.25557,0.15794,0.18851,0.16962,0.28094,0.25000
0.08,constraint_classifier,combined_abort_stress,3,8,0.62500,0.62500,0.50000,0.62500,0.00000,0.20430,5.44729,-0.00220,0.39919,0.25059,0.16133,0.18962,0.20756,0.29516,0.37500
0.08,constraint_classifier,combined_abort_stress,4,8,0.75000,0.50000,0.50000,0.50000,0.00000,0.21125,5.60876,0.00411,0.42439,0.27113,0.14929,0.19100,0.19329,0.28195,0.25000
0.08,constraint_classifier,combined_abort_stress,5,8,0.75000,0.62500,0.62500,0.50000,0.00000,0.23818,5.11708,-0.00784,0.40816,0.25798,0.15440,0.16750,0.15047,0.26610,0.25000
0.08,constraint_classifier,combined_abort_stress,6,8,0.75000,0.62500,0.50000,0.62500,0.00000,0.21575,5.45010,-0.00304,0.38967,0.24282,0.15938,0.17637,0.15769,0.26523,0.25000
0.08,constraint_classifier,combined_abort_stress,7,8,0.87500,0.50000,0.37500,0.50000,0.00000,0.26688,4.45939,-0.00148,0.38518,0.24149,0.15356,0.16821,0.15694,0.25102,0.12500
0.08,kernel_trace_constraint_classifier,combined_abort_stress,0,8,0.62500,0.87500,0.62500,0.50000,0.25000,0.13553,6.58423,-0.00661,0.28276,0.16581,0.24200,0.25167,0.34875,0.34485,0.37500
0.08,kernel_trace_constraint_classifier,combined_abort_stress,1,8,0.75000,0.87500,0.62500,0.62500,0.00000,0.15865,7.21267,-0.00921,0.31178,0.18588,0.22803,0.23646,0.13479,0.34383,0.25000
0.08,kernel_trace_constraint_classifier,combined_abort_stress,2,8,0.75000,0.37500,0.25000,0.25000,0.25000,0.23522,4.66944,0.00951,0.33516,0.20297,0.21021,0.22458,0.33909,0.33211,0.25000
0.08,kernel_trace_constraint_classifier,combined_abort_stress,3,8,0.87500,0.50000,0.50000,0.50000,0.00000,0.23937,5.25291,0.00072,0.32522,0.19459,0.21903,0.23004,0.13117,0.34281,0.12500
0.08,kernel_trace_constraint_classifier,combined_abort_stress,4,8,1.00000,0.37500,0.37500,0.37500,0.00000,0.25009,5.27432,0.00539,0.34505,0.20967,0.20129,0.22065,0.12480,0.33406,0.00000
0.08,kernel_trace_constraint_classifier,combined_abort_stress,5,8,0.75000,0.25000,0.25000,0.25000,0.25000,0.28140,4.22886,0.00751,0.33463,0.20136,0.20778,0.21268,0.34122,0.31992,0.25000
0.08,kernel_trace_constraint_classifier,combined_abort_stress,6,8,0.75000,0.75000,0.62500,0.75000,0.25000,0.21264,5.01413,-0.00832,0.31508,0.18736,0.21849,0.22646,0.34125,0.32656,0.25000
0.08,kernel_trace_constraint_classifier,combined_abort_stress,7,8,1.00000,0.50000,0.37500,0.37500,0.00000,0.26239,5.19004,0.00797,0.32268,0.19339,0.20811,0.21604,0.12936,0.31977,0.00000
0.08,oracle_constraints,combined_abort_stress,0,8,0.75000,0.37500,0.37500,0.37500,0.00000,0.27190,4.89872,0.01892,1.00000,1.00000,0.02174,0.07207,0.02879,0.13844,0.25000
0.08,oracle_constraints,combined_abort_stress,1,8,0.87500,0.25000,0.12500,0.25000,0.00000,0.31282,3.59285,0.01822,1.00000,1.00000,0.02141,0.07139,0.02530,0.13461,0.12500
0.08,oracle_constraints,combined_abort_stress,2,8,0.50000,0.75000,0.75000,0.75000,0.00000,0.16936,5.99614,0.03274,1.00000,1.00000,0.02049,0.06893,0.02117,0.13266,0.50000
0.08,oracle_constraints,combined_abort_stress,3,8,0.75000,0.50000,0.25000,0.37500,0.00000,0.26275,4.26393,0.02446,1.00000,1.00000,0.02051,0.06824,0.01839,0.13258,0.25000
0.08,oracle_constraints,combined_abort_stress,4,8,0.87500,0.25000,0.25000,0.25000,0.00000,0.31705,3.36952,0.02262,1.00000,1.00000,0.01901,0.06358,0.01797,0.12242,0.12500
0.08,oracle_constraints,combined_abort_stress,5,8,0.75000,0.37500,0.37500,0.37500,0.00000,0.29002,4.34515,0.03108,1.00000,1.00000,0.02074,0.06869,0.02492,0.13367,0.25000
0.08,oracle_constraints,combined_abort_stress,6,8,1.00000,0.12500,0.12500,0.12500,0.00000,0.36551,2.72237,0.01903,1.00000,1.00000,0.02036,0.06800,0.02011,0.13156,0.00000
0.08,oracle_constraints,combined_abort_stress,7,8,0.87500,0.37500,0.25000,0.25000,0.00000,0.30063,3.53546,0.01822,1.00000,1.00000,0.02037,0.06789,0.02520,0.12914,0.12500
0.08,particle_constraint_belief,combined_abort_stress,0,8,0.75000,0.87500,0.62500,0.87500,0.00000,0.14771,6.49653,-0.00880,0.37034,0.22913,0.15250,0.15986,0.16503,0.23547,0.25000
0.08,particle_constraint_belief,combined_abort_stress,1,8,1.00000,0.25000,0.00000,0.25000,0.00000,0.30144,3.06121,0.01440,0.38432,0.23948,0.13168,0.12129,0.08366,0.19469,0.00000
0.08,particle_constraint_belief,combined_abort_stress,2,8,0.87500,0.12500,0.12500,0.12500,0.00000,0.29717,4.27836,0.01882,0.40711,0.25836,0.13536,0.14968,0.11524,0.23094,0.12500
0.08,particle_constraint_belief,combined_abort_stress,3,8,0.87500,0.50000,0.37500,0.50000,0.00000,0.24112,4.79069,0.00591,0.39547,0.24779,0.14042,0.15315,0.13462,0.24383,0.12500
0.08,particle_constraint_belief,combined_abort_stress,4,8,0.87500,0.37500,0.37500,0.37500,0.00000,0.24542,4.95838,0.00961,0.41451,0.26376,0.12795,0.14064,0.10157,0.22492,0.12500
0.08,particle_constraint_belief,combined_abort_stress,5,8,1.00000,0.12500,0.12500,0.12500,0.00000,0.32945,3.48604,0.00938,0.40432,0.25471,0.13363,0.13318,0.13387,0.21352,0.00000
0.08,particle_constraint_belief,combined_abort_stress,6,8,0.87500,0.50000,0.37500,0.25000,0.00000,0.26939,4.05103,0.00684,0.39016,0.24358,0.13731,0.14371,0.12443,0.21586,0.12500
0.08,particle_constraint_belief,combined_abort_stress,7,8,1.00000,0.50000,0.37500,0.50000,0.00000,0.25627,4.84069,0.00463,0.37576,0.23329,0.13663,0.14024,0.11964,0.21414,0.00000
0.08,risk_filter_uncertainty,combined_abort_stress,0,8,0.50000,0.87500,0.87500,0.87500,0.00000,0.12629,7.07066,-0.01975,0.38614,0.24061,0.12407,0.10242,0.20756,0.15750,0.50000
0.08,risk_filter_uncertainty,combined_abort_stress,1,8,0.62500,0.87500,0.75000,0.75000,0.00000,0.15888,5.93337,-0.01347,0.40064,0.25254,0.11586,0.10503,0.16857,0.15227,0.37500
0.08,risk_filter_uncertainty,combined_abort_stress,2,8,0.50000,0.87500,0.75000,0.87500,0.00000,0.14687,6.22258,-0.01255,0.44718,0.29237,0.11254,0.11192,0.18813,0.17172,0.50000
0.08,risk_filter_uncertainty,combined_abort_stress,3,8,0.50000,0.87500,0.87500,0.87500,0.00000,0.13318,6.10204,-0.01369,0.44678,0.28987,0.11336,0.11239,0.19225,0.17750,0.50000
0.08,risk_filter_uncertainty,combined_abort_stress,4,8,0.50000,0.87500,0.87500,0.87500,0.00000,0.13943,6.31998,-0.01342,0.44319,0.28745,0.10778,0.11515,0.18797,0.17094,0.50000
0.08,risk_filter_uncertainty,combined_abort_stress,5,8,0.37500,0.75000,0.75000,0.75000,0.00000,0.16390,5.83696,-0.01338,0.41932,0.26620,0.11549,0.10262,0.20435,0.15985,0.62500
0.08,risk_filter_uncertainty,combined_abort_stress,6,8,0.62500,0.75000,0.75000,0.75000,0.00000,0.19367,5.38894,-0.00584,0.41059,0.26048,0.11506,0.10201,0.16469,0.15187,0.37500
0.08,risk_filter_uncertainty,combined_abort_stress,7,8,0.75000,0.75000,0.50000,0.62500,0.00000,0.21870,4.47258,-0.00393,0.38828,0.24156,0.11247,0.09761,0.15448,0.14125,0.25000
0.08,robust_barrier_mpc,combined_abort_stress,0,8,0.75000,0.62500,0.37500,0.50000,0.00000,0.17386,6.06809,-0.00426,0.36789,0.22612,0.15213,0.15546,0.11667,0.24203,0.25000
0.08,robust_barrier_mpc,combined_abort_stress,1,8,1.00000,0.37500,0.00000,0.12500,0.00000,0.28062,3.35911,0.00843,0.37223,0.23070,0.14303,0.13996,0.09039,0.22664,0.00000
0.08,robust_barrier_mpc,combined_abort_stress,2,8,0.87500,0.12500,0.12500,0.12500,0.00000,0.28367,4.21180,0.02035,0.39935,0.25159,0.14237,0.15519,0.14487,0.26157,0.12500
0.08,robust_barrier_mpc,combined_abort_stress,3,8,0.87500,0.37500,0.25000,0.37500,0.00000,0.25276,4.61539,0.00755,0.40067,0.25142,0.13899,0.14650,0.11325,0.25789,0.12500
0.08,robust_barrier_mpc,combined_abort_stress,4,8,0.87500,0.25000,0.25000,0.25000,0.00000,0.25131,4.11346,0.01088,0.42192,0.27032,0.12994,0.14213,0.10771,0.24492,0.12500
0.08,robust_barrier_mpc,combined_abort_stress,5,8,1.00000,0.37500,0.12500,0.37500,0.00000,0.29264,4.06649,0.00836,0.39000,0.24373,0.14279,0.14588,0.11739,0.24359,0.00000
0.08,robust_barrier_mpc,combined_abort_stress,6,8,1.00000,0.62500,0.50000,0.62500,0.00000,0.25046,4.76103,-0.00255,0.41270,0.26195,0.13981,0.15310,0.13583,0.24703,0.00000
0.08,robust_barrier_mpc,combined_abort_stress,7,8,1.00000,0.50000,0.37500,0.37500,0.00000,0.26942,4.07605,0.00876,0.37338,0.23087,0.14375,0.15063,0.12806,0.23219,0.00000
0.12,abort_constraint_discovery_v5,combined_abort_stress,0,8,0.25000,0.25000,0.25000,0.25000,0.75000,0.13235,1.56096,0.50411,0.45756,0.29820,0.15584,0.19420,0.78185,0.26898,0.75000
0.12,abort_constraint_discovery_v5,combined_abort_stress,1,8,0.50000,0.25000,0.12500,0.25000,0.37500,0.14014,2.67469,0.37870,0.46588,0.30466,0.16137,0.19365,0.48275,0.28141,0.50000
0.12,abort_constraint_discovery_v5,combined_abort_stress,2,8,1.00000,0.25000,0.12500,0.25000,0.00000,0.26031,3.99529,0.02318,0.43542,0.27996,0.15462,0.17803,0.07687,0.25375,0.00000
0.12,abort_constraint_discovery_v5,combined_abort_stress,3,8,0.75000,0.25000,0.00000,0.12500,0.25000,0.24337,2.68831,0.13906,0.40837,0.25813,0.17577,0.19979,0.33326,0.27242,0.25000
0.12,abort_constraint_discovery_v5,combined_abort_stress,4,8,0.62500,0.25000,0.25000,0.25000,0.37500,0.17960,2.84622,0.25622,0.45604,0.29897,0.15204,0.17074,0.42838,0.24555,0.37500
0.12,abort_constraint_discovery_v5,combined_abort_stress,5,8,0.37500,0.37500,0.25000,0.37500,0.62500,0.11681,2.84853,0.38152,0.46849,0.30747,0.16000,0.19117,0.69244,0.26516,0.62500
0.12,abort_constraint_discovery_v5,combined_abort_stress,6,8,0.37500,0.37500,0.25000,0.37500,0.62500,0.20818,1.85660,0.25503,0.40583,0.25670,0.17262,0.19616,0.68153,0.25820,0.62500
0.12,abort_constraint_discovery_v5,combined_abort_stress,7,8,0.50000,0.00000,0.00000,0.00000,0.50000,0.12385,1.80210,0.50556,0.45318,0.29639,0.16718,0.20318,0.55026,0.27727,0.50000
0.12,conformal_abort_risk_filter,combined_abort_stress,0,8,0.75000,0.37500,0.37500,0.37500,0.00000,0.27814,4.17361,0.00908,0.40402,0.25419,0.10915,0.10268,0.15446,0.14406,0.25000
0.12,conformal_abort_risk_filter,combined_abort_stress,1,8,0.75000,0.25000,0.25000,0.25000,0.00000,0.31249,3.34938,0.00928,0.42375,0.26950,0.11133,0.09334,0.14711,0.14352,0.25000
0.12,conformal_abort_risk_filter,combined_abort_stress,2,8,0.87500,0.62500,0.37500,0.62500,0.00000,0.25761,4.76844,-0.00390,0.38315,0.23992,0.11809,0.11472,0.13035,0.14906,0.12500
0.12,conformal_abort_risk_filter,combined_abort_stress,3,8,1.00000,0.12500,0.00000,0.12500,0.00000,0.37157,2.47942,0.01833,0.37475,0.23366,0.11666,0.08765,0.10691,0.12766,0.00000
0.12,conformal_abort_risk_filter,combined_abort_stress,4,8,0.75000,0.37500,0.37500,0.37500,0.00000,0.29996,3.92345,0.00355,0.38076,0.23985,0.11586,0.08593,0.14794,0.13242,0.25000
0.12,conformal_abort_risk_filter,combined_abort_stress,5,8,0.75000,0.50000,0.37500,0.50000,0.00000,0.27492,3.67977,0.00105,0.44670,0.28964,0.10821,0.08993,0.15373,0.14430,0.25000
0.12,conformal_abort_risk_filter,combined_abort_stress,6,8,0.75000,0.25000,0.25000,0.25000,0.00000,0.30669,3.36854,0.00954,0.34013,0.20829,0.12728,0.12069,0.14757,0.13641,0.25000
0.12,conformal_abort_risk_filter,combined_abort_stress,7,8,0.75000,0.37500,0.25000,0.37500,0.00000,0.26974,3.80442,0.00544,0.42696,0.27520,0.11443,0.09594,0.14396,0.14445,0.25000
0.12,constraint_classifier,combined_abort_stress,0,8,0.87500,0.50000,0.37500,0.50000,0.00000,0.27999,4.78226,0.00951,0.38350,0.23845,0.15521,0.18741,0.19489,0.27289,0.12500
0.12,constraint_classifier,combined_abort_stress,1,8,0.87500,0.50000,0.37500,0.37500,0.00000,0.27224,4.46318,0.00223,0.41496,0.26232,0.15081,0.16687,0.19385,0.26969,0.12500
0.12,constraint_classifier,combined_abort_stress,2,8,0.87500,0.50000,0.12500,0.37500,0.00000,0.28800,3.74407,0.00171,0.35887,0.21968,0.16111,0.18265,0.15491,0.25813,0.12500
0.12,constraint_classifier,combined_abort_stress,3,8,1.00000,0.12500,0.12500,0.12500,0.00000,0.35225,2.71457,0.01919,0.38888,0.24345,0.15280,0.15529,0.14410,0.24258,0.00000
0.12,constraint_classifier,combined_abort_stress,4,8,0.62500,0.62500,0.37500,0.50000,0.00000,0.25633,3.92258,-0.00296,0.39080,0.24517,0.15062,0.15534,0.23310,0.24688,0.37500
0.12,constraint_classifier,combined_abort_stress,5,8,0.62500,0.50000,0.37500,0.50000,0.00000,0.26588,4.35949,0.00728,0.41967,0.26709,0.15143,0.17221,0.21715,0.25969,0.37500
0.12,constraint_classifier,combined_abort_stress,6,8,0.75000,0.37500,0.37500,0.37500,0.00000,0.26891,3.96761,0.00540,0.33280,0.20204,0.17011,0.18664,0.22227,0.25336,0.25000
0.12,constraint_classifier,combined_abort_stress,7,8,0.75000,0.50000,0.37500,0.37500,0.00000,0.24762,4.66784,-0.00010,0.39610,0.24947,0.15911,0.17961,0.18975,0.27336,0.25000
0.12,kernel_trace_constraint_classifier,combined_abort_stress,0,8,1.00000,0.25000,0.12500,0.25000,0.00000,0.29987,3.39294,0.01603,0.31842,0.19033,0.20048,0.21665,0.12652,0.31367,0.00000
0.12,kernel_trace_constraint_classifier,combined_abort_stress,1,8,1.00000,0.37500,0.00000,0.25000,0.00000,0.29680,3.37342,0.00951,0.33729,0.20338,0.20173,0.21000,0.12928,0.31367,0.00000
0.12,kernel_trace_constraint_classifier,combined_abort_stress,2,8,0.62500,0.62500,0.62500,0.62500,0.25000,0.18012,6.00035,-0.00389,0.28178,0.16437,0.23958,0.26239,0.33190,0.35953,0.37500
0.12,kernel_trace_constraint_classifier,combined_abort_stress,3,8,1.00000,0.37500,0.12500,0.25000,0.00000,0.29347,4.56059,0.00746,0.31772,0.19054,0.21426,0.21862,0.12106,0.31508,0.00000
0.12,kernel_trace_constraint_classifier,combined_abort_stress,4,8,1.00000,0.12500,0.12500,0.12500,0.00000,0.34840,3.04500,0.01366,0.30584,0.18144,0.20163,0.19388,0.13745,0.28797,0.00000
0.12,kernel_trace_constraint_classifier,combined_abort_stress,5,8,0.62500,0.50000,0.37500,0.37500,0.37500,0.22466,5.20628,0.00674,0.32776,0.19630,0.21966,0.22532,0.46078,0.34039,0.37500
0.12,kernel_trace_constraint_classifier,combined_abort_stress,6,8,1.00000,0.25000,0.25000,0.25000,0.00000,0.30007,3.82637,0.01404,0.26692,0.15487,0.22097,0.23139,0.13591,0.30203,0.00000
0.12,kernel_trace_constraint_classifier,combined_abort_stress,7,8,0.50000,0.75000,0.62500,0.75000,0.12500,0.14174,7.66647,-0.00671,0.32381,0.19441,0.24450,0.26332,0.27527,0.39101,0.50000
0.12,oracle_constraints,combined_abort_stress,0,8,1.00000,0.62500,0.37500,0.62500,0.00000,0.27259,4.15401,0.01745,1.00000,1.00000,0.01920,0.06432,0.01820,0.12187,0.00000
0.12,oracle_constraints,combined_abort_stress,1,8,0.75000,0.37500,0.37500,0.37500,0.00000,0.26876,4.80462,0.01786,1.00000,1.00000,0.02024,0.06770,0.01813,0.13039,0.25000
0.12,oracle_constraints,combined_abort_stress,2,8,1.00000,0.37500,0.25000,0.37500,0.00000,0.31903,3.39061,0.02158,1.00000,1.00000,0.02000,0.06725,0.01592,0.12781,0.00000
0.12,oracle_constraints,combined_abort_stress,3,8,1.00000,0.12500,0.12500,0.12500,0.00000,0.39167,2.34437,0.01906,1.00000,1.00000,0.02180,0.07244,0.02556,0.13656,0.00000
0.12,oracle_constraints,combined_abort_stress,4,8,1.00000,0.00000,0.00000,0.00000,0.00000,0.39833,2.15651,0.02287,1.00000,1.00000,0.02134,0.07080,0.02185,0.13609,0.00000
0.12,oracle_constraints,combined_abort_stress,5,8,1.00000,0.12500,0.00000,0.12500,0.00000,0.37557,2.44637,0.01910,1.00000,1.00000,0.02087,0.06942,0.02271,0.13258,0.00000
0.12,oracle_constraints,combined_abort_stress,6,8,0.75000,0.50000,0.37500,0.50000,0.00000,0.27194,4.71524,0.02746,1.00000,1.00000,0.02112,0.07008,0.01987,0.13320,0.25000
0.12,oracle_constraints,combined_abort_stress,7,8,0.75000,0.50000,0.37500,0.50000,0.00000,0.27754,4.09239,0.02799,1.00000,1.00000,0.02087,0.06899,0.01565,0.13414,0.25000
0.12,particle_constraint_belief,combined_abort_stress,0,8,0.87500,0.25000,0.25000,0.25000,0.00000,0.28883,3.50084,0.01184,0.38269,0.23823,0.13283,0.14558,0.13039,0.21664,0.12500
0.12,particle_constraint_belief,combined_abort_stress,1,8,1.00000,0.37500,0.25000,0.25000,0.00000,0.29228,3.94878,0.00581,0.42512,0.27086,0.13165,0.13995,0.11998,0.21680,0.00000
0.12,particle_constraint_belief,combined_abort_stress,2,8,0.75000,0.50000,0.50000,0.50000,0.00000,0.24085,5.50261,-0.00069,0.34531,0.21044,0.15249,0.17475,0.15678,0.23750,0.25000
0.12,particle_constraint_belief,combined_abort_stress,3,8,0.87500,0.25000,0.12500,0.25000,0.00000,0.32837,3.26181,0.01043,0.38346,0.24030,0.13888,0.13567,0.13239,0.21180,0.12500
0.12,particle_constraint_belief,combined_abort_stress,4,8,0.87500,0.25000,0.12500,0.25000,0.00000,0.30444,3.43260,0.01013,0.37908,0.23557,0.13568,0.12724,0.14382,0.20633,0.12500
0.12,particle_constraint_belief,combined_abort_stress,5,8,0.75000,0.37500,0.37500,0.37500,0.00000,0.28014,4.68636,0.00910,0.41839,0.26694,0.13514,0.14537,0.17491,0.22110,0.25000
0.12,particle_constraint_belief,combined_abort_stress,6,8,1.00000,0.12500,0.12500,0.12500,0.00000,0.33236,2.99082,0.01698,0.33056,0.19999,0.14718,0.15001,0.10952,0.19812,0.00000
0.12,particle_constraint_belief,combined_abort_stress,7,8,0.87500,0.25000,0.12500,0.12500,0.00000,0.27908,3.78228,0.01067,0.40876,0.25861,0.13430,0.13945,0.12139,0.22203,0.12500
0.12,risk_filter_uncertainty,combined_abort_stress,0,8,0.75000,0.87500,0.75000,0.87500,0.00000,0.19464,5.29160,-0.01203,0.40625,0.25591,0.10891,0.10388,0.19276,0.15203,0.25000
0.12,risk_filter_uncertainty,combined_abort_stress,1,8,0.62500,0.62500,0.50000,0.50000,0.00000,0.23520,4.47947,-0.00518,0.43689,0.28016,0.10867,0.09465,0.18042,0.15070,0.37500
0.12,risk_filter_uncertainty,combined_abort_stress,2,8,0.62500,0.87500,0.62500,0.87500,0.00000,0.19705,5.13065,-0.01261,0.39225,0.24658,0.11723,0.11036,0.18161,0.15367,0.37500
0.12,risk_filter_uncertainty,combined_abort_stress,3,8,0.62500,0.75000,0.62500,0.75000,0.00000,0.21877,5.39213,-0.00297,0.40933,0.25882,0.11385,0.09834,0.18043,0.15391,0.37500
0.12,risk_filter_uncertainty,combined_abort_stress,4,8,0.75000,0.62500,0.50000,0.62500,0.00000,0.26966,4.01798,-0.00571,0.35500,0.21832,0.11856,0.09114,0.15691,0.13648,0.25000
0.12,risk_filter_uncertainty,combined_abort_stress,5,8,0.75000,0.75000,0.50000,0.75000,0.00000,0.22784,4.54809,-0.01031,0.44536,0.28831,0.10913,0.09640,0.16814,0.14961,0.25000
0.12,risk_filter_uncertainty,combined_abort_stress,6,8,0.87500,0.87500,0.87500,0.75000,0.00000,0.19656,5.54198,-0.00985,0.38664,0.24239,0.12344,0.11956,0.17618,0.15727,0.12500
0.12,risk_filter_uncertainty,combined_abort_stress,7,8,0.37500,0.62500,0.62500,0.62500,0.00000,0.19128,5.64185,-0.00660,0.43264,0.27930,0.11130,0.09723,0.18476,0.16062,0.62500
0.12,robust_barrier_mpc,combined_abort_stress,0,8,1.00000,0.37500,0.25000,0.37500,0.00000,0.29697,3.53121,0.01151,0.38912,0.24311,0.13590,0.15077,0.12584,0.24695,0.00000
0.12,robust_barrier_mpc,combined_abort_stress,1,8,0.87500,0.37500,0.25000,0.37500,0.00000,0.28306,3.84692,0.00313,0.42895,0.27380,0.13395,0.14353,0.14650,0.24016,0.12500
0.12,robust_barrier_mpc,combined_abort_stress,2,8,0.87500,0.50000,0.37500,0.37500,0.00000,0.24849,4.24908,0.00440,0.36027,0.22105,0.15177,0.17075,0.14236,0.24937,0.12500
0.12,robust_barrier_mpc,combined_abort_stress,3,8,1.00000,0.12500,0.12500,0.12500,0.00000,0.33854,2.80833,0.01696,0.37960,0.23724,0.14494,0.14820,0.12421,0.23461,0.00000
0.12,robust_barrier_mpc,combined_abort_stress,4,8,0.87500,0.25000,0.25000,0.25000,0.00000,0.29679,3.72148,0.00763,0.39117,0.24466,0.13916,0.13639,0.14073,0.23250,0.12500
0.12,robust_barrier_mpc,combined_abort_stress,5,8,1.00000,0.12500,0.12500,0.12500,0.00000,0.33960,3.22879,0.01569,0.43332,0.27841,0.13156,0.13401,0.14070,0.22625,0.00000
0.12,robust_barrier_mpc,combined_abort_stress,6,8,1.00000,0.12500,0.00000,0.12500,0.00000,0.33439,2.69527,0.01805,0.33244,0.20104,0.15509,0.16316,0.11981,0.22672,0.00000
0.12,robust_barrier_mpc,combined_abort_stress,7,8,0.87500,0.12500,0.12500,0.12500,0.00000,0.29236,3.25981,0.00844,0.40349,0.25470,0.13871,0.14045,0.11367,0.23758,0.12500
0.18,abort_constraint_discovery_v5,combined_abort_stress,0,8,0.50000,0.50000,0.37500,0.50000,0.50000,0.21166,4.20974,0.00276,0.45049,0.29158,0.16385,0.20823,0.58884,0.29437,0.50000
0.18,abort_constraint_discovery_v5,combined_abort_stress,1,8,0.50000,0.12500,0.00000,0.12500,0.50000,0.19142,1.60769,0.38162,0.43387,0.27769,0.15715,0.16998,0.53573,0.23938,0.50000
0.18,abort_constraint_discovery_v5,combined_abort_stress,2,8,0.37500,0.12500,0.12500,0.12500,0.62500,0.14039,2.00932,0.50893,0.42258,0.26989,0.16347,0.18472,0.65187,0.26094,0.62500
0.18,abort_constraint_discovery_v5,combined_abort_stress,3,8,0.25000,0.50000,0.25000,0.50000,0.75000,0.08170,4.29295,0.37156,0.40945,0.25836,0.17469,0.18830,0.77445,0.26687,0.75000
0.18,abort_constraint_discovery_v5,combined_abort_stress,4,8,0.62500,0.25000,0.25000,0.12500,0.37500,0.19142,2.81595,0.25684,0.43943,0.28462,0.16581,0.19426,0.47900,0.28054,0.37500
0.18,abort_constraint_discovery_v5,combined_abort_stress,5,8,0.62500,0.62500,0.37500,0.37500,0.37500,0.19393,4.14589,0.00273,0.41558,0.26472,0.17142,0.19672,0.44696,0.26672,0.37500
0.18,abort_constraint_discovery_v5,combined_abort_stress,6,8,0.75000,0.37500,0.12500,0.37500,0.25000,0.25668,2.92776,0.01232,0.44833,0.29091,0.16316,0.19881,0.32314,0.26945,0.25000
0.18,abort_constraint_discovery_v5,combined_abort_stress,7,8,0.37500,0.37500,0.25000,0.25000,0.62500,0.11977,2.35947,0.37785,0.43958,0.28349,0.16695,0.19836,0.66642,0.28461,0.62500
0.18,conformal_abort_risk_filter,combined_abort_stress,0,8,0.50000,0.75000,0.50000,0.62500,0.00000,0.19199,4.87341,-0.00693,0.42964,0.27487,0.10664,0.09861,0.15646,0.15461,0.50000
0.18,conformal_abort_risk_filter,combined_abort_stress,1,8,0.87500,0.62500,0.62500,0.62500,0.00000,0.22807,4.72171,-0.00416,0.39539,0.24837,0.11888,0.10417,0.14270,0.14906,0.12500
0.18,conformal_abort_risk_filter,combined_abort_stress,2,8,0.75000,0.50000,0.37500,0.50000,0.00000,0.28298,3.96973,0.00223,0.38703,0.24075,0.11971,0.10050,0.17612,0.14625,0.25000
0.18,conformal_abort_risk_filter,combined_abort_stress,3,8,0.75000,0.25000,0.25000,0.25000,0.00000,0.30089,3.41352,0.00728,0.38031,0.23572,0.12061,0.09130,0.14498,0.14023,0.25000
0.18,conformal_abort_risk_filter,combined_abort_stress,4,8,0.75000,0.50000,0.37500,0.37500,0.00000,0.25971,4.06826,0.00599,0.40171,0.25313,0.11428,0.09768,0.15859,0.14406,0.25000
0.18,conformal_abort_risk_filter,combined_abort_stress,5,8,0.50000,0.75000,0.62500,0.75000,0.00000,0.16171,5.23604,-0.01270,0.41288,0.26342,0.12069,0.11132,0.17266,0.15094,0.50000
0.18,conformal_abort_risk_filter,combined_abort_stress,6,8,0.62500,0.62500,0.50000,0.50000,0.00000,0.24042,4.18913,0.00300,0.39530,0.24765,0.11604,0.10781,0.14194,0.14656,0.37500
0.18,conformal_abort_risk_filter,combined_abort_stress,7,8,1.00000,0.62500,0.50000,0.50000,0.00000,0.28394,4.59413,0.00396,0.40888,0.25782,0.11397,0.10516,0.13885,0.14680,0.00000
0.18,constraint_classifier,combined_abort_stress,0,8,0.62500,0.75000,0.50000,0.62500,0.00000,0.20561,4.66191,-0.00587,0.38386,0.23833,0.15563,0.18750,0.23709,0.27406,0.37500
0.18,constraint_classifier,combined_abort_stress,1,8,0.62500,0.75000,0.75000,0.75000,0.00000,0.18808,4.88156,-0.00898,0.36448,0.22465,0.16476,0.17792,0.24459,0.26344,0.37500
0.18,constraint_classifier,combined_abort_stress,2,8,0.75000,0.37500,0.25000,0.25000,0.00000,0.30693,3.40757,0.00878,0.37517,0.23220,0.15647,0.16748,0.23129,0.25281,0.25000
0.18,constraint_classifier,combined_abort_stress,3,8,0.75000,0.37500,0.25000,0.25000,0.00000,0.30502,3.42074,0.01179,0.37043,0.22829,0.16159,0.16329,0.20356,0.25648,0.25000
0.18,constraint_classifier,combined_abort_stress,4,8,0.75000,0.37500,0.25000,0.25000,0.00000,0.30035,3.54323,0.00562,0.39069,0.24358,0.15420,0.16864,0.22079,0.25523,0.25000
0.18,constraint_classifier,combined_abort_stress,5,8,0.37500,0.87500,0.75000,0.87500,0.00000,0.11329,5.92784,-0.01915,0.39609,0.24898,0.16530,0.18662,0.26550,0.27516,0.62500
0.18,constraint_classifier,combined_abort_stress,6,8,0.75000,0.62500,0.62500,0.50000,0.00000,0.24127,4.30360,0.00108,0.39069,0.24372,0.15788,0.18005,0.19567,0.26922,0.25000
0.18,constraint_classifier,combined_abort_stress,7,8,0.62500,0.62500,0.62500,0.50000,0.00000,0.24091,4.89239,-0.00580,0.40573,0.25603,0.15584,0.18162,0.22313,0.27516,0.37500
0.18,kernel_trace_constraint_classifier,combined_abort_stress,0,8,0.87500,0.62500,0.50000,0.50000,0.00000,0.21164,6.17059,-0.00933,0.32298,0.19332,0.21227,0.22714,0.12905,0.33336,0.12500
0.18,kernel_trace_constraint_classifier,combined_abort_stress,1,8,0.87500,0.50000,0.12500,0.50000,0.00000,0.27425,4.10223,0.00366,0.31657,0.18916,0.21108,0.22019,0.13367,0.31359,0.12500
0.18,kernel_trace_constraint_classifier,combined_abort_stress,2,8,1.00000,0.25000,0.12500,0.25000,0.00000,0.33910,3.00817,0.02555,0.30197,0.17869,0.20416,0.20516,0.13301,0.30289,0.00000
0.18,kernel_trace_constraint_classifier,combined_abort_stress,3,8,0.87500,0.25000,0.25000,0.25000,0.00000,0.29411,3.88066,0.01184,0.30116,0.17750,0.21865,0.21933,0.12971,0.31469,0.12500
0.18,kernel_trace_constraint_classifier,combined_abort_stress,4,8,1.00000,0.37500,0.12500,0.37500,0.00000,0.29813,3.37088,0.01240,0.31304,0.18662,0.20502,0.21277,0.14398,0.30875,0.00000
0.18,kernel_trace_constraint_classifier,combined_abort_stress,5,8,0.87500,0.75000,0.62500,0.75000,0.12500,0.16038,7.52726,-0.00470,0.32915,0.19815,0.23455,0.25543,0.24814,0.36875,0.12500
0.18,kernel_trace_constraint_classifier,combined_abort_stress,6,8,0.87500,0.62500,0.37500,0.62500,0.12500,0.23288,4.85777,0.00326,0.31401,0.18710,0.22123,0.24241,0.25116,0.34023,0.12500
0.18,kernel_trace_constraint_classifier,combined_abort_stress,7,8,0.75000,0.37500,0.25000,0.37500,0.00000,0.27435,4.91715,0.01114,0.34025,0.20590,0.20545,0.21410,0.12856,0.32336,0.25000
0.18,oracle_constraints,combined_abort_stress,0,8,0.87500,0.12500,0.12500,0.12500,0.00000,0.34775,3.44545,0.01580,1.00000,1.00000,0.01955,0.06496,0.03236,0.12125,0.12500
0.18,oracle_constraints,combined_abort_stress,1,8,0.87500,0.25000,0.25000,0.25000,0.00000,0.33330,3.38928,0.01504,1.00000,1.00000,0.02125,0.07047,0.03141,0.13164,0.12500
0.18,oracle_constraints,combined_abort_stress,2,8,1.00000,0.50000,0.37500,0.37500,0.00000,0.28980,4.22412,0.02218,1.00000,1.00000,0.02089,0.06957,0.01809,0.13047,0.00000
0.18,oracle_constraints,combined_abort_stress,3,8,0.87500,0.12500,0.12500,0.12500,0.00000,0.36323,3.37741,0.02252,1.00000,1.00000,0.02144,0.07090,0.02062,0.13672,0.12500
0.18,oracle_constraints,combined_abort_stress,4,8,0.87500,0.50000,0.25000,0.25000,0.00000,0.29409,4.00788,0.01671,1.00000,1.00000,0.02095,0.07021,0.02727,0.13078,0.12500
0.18,oracle_constraints,combined_abort_stress,5,8,0.87500,0.12500,0.12500,0.12500,0.00000,0.33825,2.75949,0.02173,1.00000,1.00000,0.02210,0.07350,0.02189,0.13570,0.12500
0.18,oracle_constraints,combined_abort_stress,6,8,0.87500,0.37500,0.12500,0.37500,0.00000,0.30952,3.17545,0.01625,1.00000,1.00000,0.02002,0.06698,0.01895,0.12961,0.12500
0.18,oracle_constraints,combined_abort_stress,7,8,1.00000,0.00000,0.00000,0.00000,0.00000,0.40659,2.13351,0.02567,1.00000,1.00000,0.02077,0.06989,0.01616,0.13250,0.00000
0.18,particle_constraint_belief,combined_abort_stress,0,8,0.87500,0.50000,0.50000,0.50000,0.00000,0.23894,5.05802,0.00010,0.38775,0.24109,0.13478,0.14920,0.14599,0.22890,0.12500
0.18,particle_constraint_belief,combined_abort_stress,1,8,0.87500,0.75000,0.50000,0.75000,0.00000,0.20323,5.43838,-0.00324,0.37347,0.23113,0.14743,0.16226,0.11540,0.23523,0.12500
0.18,particle_constraint_belief,combined_abort_stress,2,8,1.00000,0.12500,0.12500,0.12500,0.00000,0.36325,3.03163,0.01943,0.36952,0.22807,0.13807,0.13270,0.13799,0.20750,0.00000
0.18,particle_constraint_belief,combined_abort_stress,3,8,0.87500,0.37500,0.25000,0.25000,0.00000,0.28155,3.75435,0.00934,0.36311,0.22257,0.14509,0.13959,0.15290,0.21344,0.12500
0.18,particle_constraint_belief,combined_abort_stress,4,8,1.00000,0.25000,0.12500,0.12500,0.00000,0.32312,2.93678,0.01351,0.38525,0.23996,0.13565,0.14045,0.14188,0.21016,0.00000
0.18,particle_constraint_belief,combined_abort_stress,5,8,0.87500,0.50000,0.37500,0.50000,0.00000,0.21671,5.53860,-0.00357,0.41396,0.26271,0.14388,0.16607,0.14943,0.24273,0.12500
0.18,particle_constraint_belief,combined_abort_stress,6,8,1.00000,0.50000,0.37500,0.37500,0.00000,0.26893,4.10229,0.00611,0.39245,0.24556,0.13924,0.15485,0.11279,0.22180,0.00000
0.18,particle_constraint_belief,combined_abort_stress,7,8,1.00000,0.50000,0.25000,0.50000,0.00000,0.27971,4.20858,0.00337,0.41178,0.26107,0.13679,0.15200,0.14689,0.23297,0.00000
0.18,risk_filter_uncertainty,combined_abort_stress,0,8,0.50000,1.00000,0.75000,1.00000,0.00000,0.14401,5.73286,-0.01806,0.43807,0.28182,0.10731,0.10895,0.20125,0.16226,0.50000
0.18,risk_filter_uncertainty,combined_abort_stress,1,8,0.50000,0.75000,0.50000,0.75000,0.00000,0.19865,4.82855,-0.00740,0.37666,0.23425,0.11582,0.09731,0.19133,0.14469,0.50000
0.18,risk_filter_uncertainty,combined_abort_stress,2,8,0.75000,0.50000,0.50000,0.50000,0.00000,0.26711,4.68590,0.00437,0.37291,0.23115,0.11787,0.10648,0.15722,0.15453,0.25000
0.18,risk_filter_uncertainty,combined_abort_stress,3,8,0.62500,0.75000,0.75000,0.75000,0.00000,0.17432,5.98811,-0.00925,0.39993,0.25120,0.11790,0.09512,0.18255,0.15125,0.37500
0.18,risk_filter_uncertainty,combined_abort_stress,4,8,0.62500,0.75000,0.62500,0.75000,0.00000,0.21617,4.56035,-0.01188,0.38888,0.24347,0.11571,0.10117,0.20055,0.15203,0.37500
0.18,risk_filter_uncertainty,combined_abort_stress,5,8,0.62500,0.87500,0.62500,0.75000,0.00000,0.17752,5.08547,-0.01006,0.40666,0.25891,0.11847,0.10942,0.16969,0.15461,0.37500
0.18,risk_filter_uncertainty,combined_abort_stress,6,8,0.50000,0.87500,0.75000,0.75000,0.00000,0.16026,5.57036,-0.01256,0.43057,0.27556,0.11373,0.11053,0.17869,0.16531,0.50000
0.18,risk_filter_uncertainty,combined_abort_stress,7,8,0.62500,0.62500,0.62500,0.62500,0.00000,0.21679,4.87440,-0.00047,0.42194,0.26926,0.11111,0.09664,0.17318,0.15031,0.37500
0.18,robust_barrier_mpc,combined_abort_stress,0,8,0.75000,0.62500,0.62500,0.62500,0.00000,0.20883,5.76258,-0.00409,0.38622,0.24039,0.14095,0.15726,0.16219,0.25297,0.25000
0.18,robust_barrier_mpc,combined_abort_stress,1,8,0.87500,0.50000,0.37500,0.37500,0.00000,0.25214,4.20702,0.00070,0.37387,0.23144,0.14917,0.15649,0.14438,0.24984,0.12500
0.18,robust_barrier_mpc,combined_abort_stress,2,8,1.00000,0.25000,0.12500,0.25000,0.00000,0.34129,3.78867,0.00936,0.36203,0.22224,0.14603,0.14553,0.14803,0.24242,0.00000
0.18,robust_barrier_mpc,combined_abort_stress,3,8,0.87500,0.37500,0.12500,0.25000,0.00000,0.28673,3.58319,0.00887,0.36081,0.22068,0.14905,0.14526,0.15258,0.23234,0.12500
0.18,robust_barrier_mpc,combined_abort_stress,4,8,0.87500,0.37500,0.25000,0.37500,0.00000,0.26414,3.92011,0.00846,0.39096,0.24461,0.14211,0.15386,0.15087,0.24391,0.12500
0.18,robust_barrier_mpc,combined_abort_stress,5,8,1.00000,0.37500,0.25000,0.37500,0.00000,0.26782,3.96210,0.00275,0.39208,0.24612,0.14983,0.16466,0.13106,0.24734,0.00000
0.18,robust_barrier_mpc,combined_abort_stress,6,8,0.75000,0.37500,0.37500,0.37500,0.00000,0.24208,4.62464,0.00715,0.40626,0.25551,0.14044,0.15628,0.13707,0.26008,0.25000
0.18,robust_barrier_mpc,combined_abort_stress,7,8,1.00000,0.37500,0.12500,0.37500,0.00000,0.31891,3.18125,0.00556,0.41358,0.26289,0.13954,0.15443,0.15121,0.25172,0.00000
0.25,abort_constraint_discovery_v5,combined_abort_stress,0,8,0.62500,0.37500,0.25000,0.25000,0.37500,0.16032,3.65286,0.26206,0.43413,0.28088,0.16387,0.19680,0.43149,0.27133,0.37500
0.25,abort_constraint_discovery_v5,combined_abort_stress,1,8,0.50000,0.37500,0.25000,0.37500,0.37500,0.12513,4.75868,0.26225,0.44234,0.28537,0.16452,0.18756,0.45277,0.26453,0.50000
0.25,abort_constraint_discovery_v5,combined_abort_stress,2,8,0.50000,0.37500,0.25000,0.25000,0.37500,0.18218,3.29324,0.13516,0.43641,0.28117,0.17745,0.21418,0.49205,0.30203,0.50000
0.25,abort_constraint_discovery_v5,combined_abort_stress,3,8,0.75000,0.50000,0.37500,0.25000,0.00000,0.23706,5.14628,0.00012,0.47234,0.31286,0.15793,0.19383,0.14975,0.27766,0.25000
0.25,abort_constraint_discovery_v5,combined_abort_stress,4,8,0.37500,0.62500,0.25000,0.50000,0.50000,0.12520,3.39348,0.25958,0.41429,0.26513,0.17240,0.20494,0.56689,0.26273,0.62500
0.25,abort_constraint_discovery_v5,combined_abort_stress,5,8,0.50000,0.12500,0.00000,0.00000,0.50000,0.19883,1.54327,0.39108,0.42575,0.27218,0.16212,0.18624,0.56435,0.25172,0.50000
0.25,abort_constraint_discovery_v5,combined_abort_stress,6,8,0.50000,0.62500,0.25000,0.50000,0.50000,0.16859,3.11461,0.11936,0.42574,0.27176,0.17896,0.20040,0.58437,0.29398,0.50000
0.25,abort_constraint_discovery_v5,combined_abort_stress,7,8,0.00000,0.37500,0.25000,0.12500,0.87500,0.06212,1.68735,0.62250,0.45644,0.29642,0.15949,0.18115,0.88934,0.26039,1.00000
0.25,conformal_abort_risk_filter,combined_abort_stress,0,8,0.62500,0.50000,0.37500,0.37500,0.00000,0.25102,4.02692,0.00355,0.41500,0.26499,0.11026,0.09649,0.15942,0.14320,0.37500
0.25,conformal_abort_risk_filter,combined_abort_stress,1,8,0.75000,0.62500,0.50000,0.50000,0.00000,0.25418,5.06804,-0.00343,0.41051,0.26020,0.11707,0.10782,0.15906,0.15297,0.25000
0.25,conformal_abort_risk_filter,combined_abort_stress,2,8,0.62500,0.62500,0.50000,0.62500,0.00000,0.21294,5.05239,0.00064,0.40995,0.25956,0.11565,0.09941,0.16291,0.15711,0.37500
0.25,conformal_abort_risk_filter,combined_abort_stress,3,8,0.62500,0.50000,0.50000,0.37500,0.00000,0.26635,4.27036,-0.00210,0.39412,0.24757,0.11229,0.09870,0.16555,0.14258,0.37500
0.25,conformal_abort_risk_filter,combined_abort_stress,4,8,0.50000,0.75000,0.62500,0.75000,0.00000,0.19246,5.40292,-0.01008,0.38440,0.24275,0.11573,0.10624,0.18268,0.13992,0.50000
0.25,conformal_abort_risk_filter,combined_abort_stress,5,8,0.87500,0.50000,0.50000,0.50000,0.00000,0.26894,3.83786,0.00135,0.39581,0.24836,0.11353,0.09628,0.14043,0.13695,0.12500
0.25,conformal_abort_risk_filter,combined_abort_stress,6,8,0.25000,0.75000,0.75000,0.75000,0.00000,0.15304,5.72757,-0.00271,0.38256,0.23699,0.12507,0.09573,0.18621,0.15852,0.75000
0.25,conformal_abort_risk_filter,combined_abort_stress,7,8,0.62500,0.62500,0.50000,0.62500,0.00000,0.22707,4.53087,0.00383,0.42131,0.26724,0.10920,0.08756,0.17535,0.15242,0.37500
0.25,constraint_classifier,combined_abort_stress,0,8,0.62500,0.50000,0.50000,0.50000,0.00000,0.24283,4.44215,0.00020,0.41201,0.26201,0.14944,0.17157,0.22197,0.25773,0.37500
0.25,constraint_classifier,combined_abort_stress,1,8,0.62500,0.62500,0.50000,0.50000,0.00000,0.22820,4.82038,-0.00245,0.39332,0.24618,0.15680,0.17627,0.25002,0.26250,0.37500
0.25,constraint_classifier,combined_abort_stress,2,8,0.50000,0.62500,0.50000,0.50000,0.00000,0.21186,4.22956,-0.00149,0.39527,0.24744,0.15461,0.17058,0.23755,0.26461,0.50000
0.25,constraint_classifier,combined_abort_stress,3,8,0.75000,0.37500,0.25000,0.25000,0.00000,0.31042,3.23010,0.00092,0.40245,0.25319,0.14607,0.16329,0.19127,0.24258,0.25000
0.25,constraint_classifier,combined_abort_stress,4,8,0.62500,0.62500,0.50000,0.50000,0.00000,0.22731,4.69945,0.00064,0.38472,0.24190,0.15515,0.17592,0.24809,0.25188,0.37500
0.25,constraint_classifier,combined_abort_stress,5,8,0.50000,0.75000,0.75000,0.75000,0.00000,0.15454,6.12712,-0.00818,0.39944,0.25087,0.15518,0.17512,0.24143,0.26703,0.50000
0.25,constraint_classifier,combined_abort_stress,6,8,0.25000,0.75000,0.75000,0.75000,0.00000,0.15752,5.51046,-0.00974,0.39540,0.24704,0.16464,0.16847,0.23748,0.26969,0.75000
0.25,constraint_classifier,combined_abort_stress,7,8,0.50000,0.50000,0.50000,0.50000,0.00000,0.24217,4.32097,0.00361,0.42004,0.26643,0.14636,0.16226,0.24881,0.26133,0.50000
0.25,kernel_trace_constraint_classifier,combined_abort_stress,0,8,0.87500,0.50000,0.37500,0.50000,0.00000,0.23947,4.76076,0.00818,0.32385,0.19512,0.20616,0.21744,0.12178,0.31211,0.12500
0.25,kernel_trace_constraint_classifier,combined_abort_stress,1,8,1.00000,0.12500,0.12500,0.12500,0.00000,0.34850,3.31632,0.01350,0.32899,0.19765,0.20082,0.20789,0.11895,0.30320,0.00000
0.25,kernel_trace_constraint_classifier,combined_abort_stress,2,8,0.87500,0.25000,0.12500,0.25000,0.00000,0.28999,3.67278,0.00959,0.32699,0.19672,0.20741,0.21285,0.12892,0.31328,0.12500
0.25,kernel_trace_constraint_classifier,combined_abort_stress,3,8,0.75000,0.37500,0.37500,0.37500,0.00000,0.29060,4.68489,0.00703,0.31319,0.18680,0.20925,0.21871,0.14535,0.31844,0.25000
0.25,kernel_trace_constraint_classifier,combined_abort_stress,4,8,0.37500,0.75000,0.75000,0.75000,0.00000,0.14698,7.31660,-0.01231,0.30328,0.17976,0.24163,0.26125,0.22687,0.37523,0.62500
0.25,kernel_trace_constraint_classifier,combined_abort_stress,5,8,0.87500,0.62500,0.25000,0.37500,0.00000,0.25739,4.26998,0.00241,0.31335,0.18666,0.21196,0.22152,0.17283,0.31953,0.12500
0.25,kernel_trace_constraint_classifier,combined_abort_stress,6,8,0.62500,0.75000,0.62500,0.75000,0.00000,0.17955,6.75263,-0.00773,0.31184,0.18552,0.24229,0.25169,0.23116,0.37680,0.37500
0.25,kernel_trace_constraint_classifier,combined_abort_stress,7,8,0.87500,0.37500,0.37500,0.37500,0.00000,0.26893,4.46809,0.00871,0.34681,0.21013,0.20261,0.20711,0.12135,0.31531,0.12500
0.25,oracle_constraints,combined_abort_stress,0,8,0.62500,0.37500,0.37500,0.37500,0.00000,0.25534,4.52196,0.02117,1.00000,1.00000,0.01974,0.06593,0.02084,0.12742,0.37500
0.25,oracle_constraints,combined_abort_stress,1,8,1.00000,0.37500,0.37500,0.37500,0.00000,0.33603,4.30493,0.02082,1.00000,1.00000,0.02051,0.06803,0.01880,0.13179,0.00000
0.25,oracle_constraints,combined_abort_stress,2,8,0.75000,0.62500,0.37500,0.62500,0.00000,0.24180,4.76501,0.02728,1.00000,1.00000,0.02134,0.07144,0.02428,0.13273,0.25000
0.25,oracle_constraints,combined_abort_stress,3,8,0.87500,0.25000,0.12500,0.12500,0.00000,0.35671,2.58390,0.02889,1.00000,1.00000,0.01968,0.06605,0.02138,0.12765,0.12500
0.25,oracle_constraints,combined_abort_stress,4,8,0.75000,0.37500,0.37500,0.37500,0.00000,0.30273,3.98948,0.01174,1.00000,1.00000,0.02076,0.06966,0.02356,0.12937,0.25000
0.25,oracle_constraints,combined_abort_stress,5,8,1.00000,0.12500,0.12500,0.12500,0.00000,0.35782,2.84413,0.01948,1.00000,1.00000,0.02055,0.06886,0.01733,0.12898,0.00000
0.25,oracle_constraints,combined_abort_stress,6,8,0.62500,0.50000,0.37500,0.50000,0.00000,0.29563,4.80262,0.02262,1.00000,1.00000,0.02287,0.07564,0.03006,0.14227,0.37500
0.25,oracle_constraints,combined_abort_stress,7,8,0.75000,0.37500,0.37500,0.37500,0.00000,0.27454,4.22777,0.01354,1.00000,1.00000,0.02034,0.06809,0.01774,0.13031,0.25000
0.25,particle_constraint_belief,combined_abort_stress,0,8,0.87500,0.37500,0.25000,0.25000,0.00000,0.28063,3.89473,0.00873,0.40081,0.25476,0.13517,0.14515,0.14217,0.21281,0.12500
0.25,particle_constraint_belief,combined_abort_stress,1,8,0.75000,0.50000,0.37500,0.50000,0.00000,0.26358,4.63384,0.00354,0.40634,0.25604,0.13710,0.14770,0.16936,0.22148,0.25000
0.25,particle_constraint_belief,combined_abort_stress,2,8,1.00000,0.12500,0.12500,0.12500,0.00000,0.32916,2.88856,0.02402,0.40685,0.25709,0.13185,0.12972,0.10896,0.20711,0.00000
0.25,particle_constraint_belief,combined_abort_stress,3,8,0.62500,0.50000,0.37500,0.50000,0.00000,0.26220,4.38926,0.00685,0.38900,0.24226,0.13531,0.14502,0.17135,0.21539,0.37500
0.25,particle_constraint_belief,combined_abort_stress,4,8,0.62500,0.62500,0.62500,0.62500,0.00000,0.21151,5.30531,0.00121,0.37949,0.23566,0.14310,0.15802,0.22244,0.23305,0.37500
0.25,particle_constraint_belief,combined_abort_stress,5,8,1.00000,0.25000,0.12500,0.25000,0.00000,0.33439,2.93424,0.01586,0.38344,0.23847,0.13413,0.13495,0.13403,0.20211,0.00000
0.25,particle_constraint_belief,combined_abort_stress,6,8,0.62500,0.75000,0.50000,0.75000,0.00000,0.19186,6.01638,-0.00565,0.39007,0.24337,0.15087,0.15401,0.20260,0.25172,0.37500
0.25,particle_constraint_belief,combined_abort_stress,7,8,1.00000,0.12500,0.12500,0.12500,0.00000,0.32612,3.00413,0.01480,0.41835,0.26500,0.12614,0.12245,0.13334,0.20735,0.00000
0.25,risk_filter_uncertainty,combined_abort_stress,0,8,0.37500,0.87500,0.75000,0.75000,0.00000,0.15638,4.97480,-0.01205,0.40871,0.25936,0.11263,0.10713,0.22192,0.15055,0.62500
0.25,risk_filter_uncertainty,combined_abort_stress,1,8,0.62500,0.62500,0.50000,0.62500,0.00000,0.23878,4.66423,-0.00445,0.41264,0.26181,0.11203,0.10486,0.18186,0.15258,0.37500
0.25,risk_filter_uncertainty,combined_abort_stress,2,8,0.12500,1.00000,1.00000,1.00000,0.00000,0.07566,6.26338,-0.02026,0.40928,0.25998,0.11473,0.10683,0.23669,0.15602,0.87500
0.25,risk_filter_uncertainty,combined_abort_stress,3,8,0.62500,0.62500,0.50000,0.50000,0.00000,0.23340,4.26588,-0.00621,0.40764,0.25922,0.10655,0.08845,0.16719,0.13820,0.37500
0.25,risk_filter_uncertainty,combined_abort_stress,4,8,0.50000,0.87500,0.75000,0.75000,0.00000,0.16048,5.51102,-0.01027,0.37875,0.23605,0.11672,0.10688,0.21026,0.15000,0.50000
0.25,risk_filter_uncertainty,combined_abort_stress,5,8,0.62500,0.87500,0.50000,0.62500,0.00000,0.19366,4.80565,-0.01124,0.41520,0.26345,0.10941,0.09745,0.18427,0.14891,0.37500
0.25,risk_filter_uncertainty,combined_abort_stress,6,8,0.50000,0.75000,0.75000,0.75000,0.00000,0.18004,5.15558,-0.01130,0.39886,0.25016,0.12148,0.09456,0.18002,0.15531,0.50000
0.25,risk_filter_uncertainty,combined_abort_stress,7,8,0.37500,0.62500,0.62500,0.62500,0.00000,0.18896,5.29415,-0.00472,0.43365,0.27810,0.10769,0.09260,0.19872,0.15117,0.62500
0.25,robust_barrier_mpc,combined_abort_stress,0,8,0.75000,0.50000,0.37500,0.50000,0.00000,0.23938,4.68260,0.00356,0.38745,0.24343,0.14476,0.15863,0.16468,0.24734,0.25000
0.25,robust_barrier_mpc,combined_abort_stress,1,8,1.00000,0.37500,0.12500,0.25000,0.00000,0.30332,3.26402,0.01118,0.38896,0.24247,0.14069,0.14628,0.12972,0.23203,0.00000
0.25,robust_barrier_mpc,combined_abort_stress,2,8,1.00000,0.25000,0.25000,0.25000,0.00000,0.30485,3.42795,0.01921,0.41273,0.26285,0.13919,0.14806,0.13075,0.24305,0.00000
0.25,robust_barrier_mpc,combined_abort_stress,3,8,0.75000,0.25000,0.25000,0.25000,0.00000,0.29451,3.60748,0.00436,0.37653,0.23306,0.13987,0.14341,0.14725,0.23648,0.25000
0.25,robust_barrier_mpc,combined_abort_stress,4,8,0.75000,0.37500,0.25000,0.37500,0.00000,0.27138,4.29653,0.00427,0.38327,0.23993,0.14263,0.15829,0.13709,0.24195,0.25000
0.25,robust_barrier_mpc,combined_abort_stress,5,8,0.87500,0.25000,0.12500,0.25000,0.00000,0.33299,3.07878,0.01258,0.36991,0.22809,0.14260,0.15076,0.15280,0.23516,0.12500
0.25,robust_barrier_mpc,combined_abort_stress,6,8,0.75000,0.87500,0.50000,0.87500,0.00000,0.19884,5.18096,-0.00559,0.38089,0.23593,0.15388,0.15220,0.17485,0.25992,0.25000
0.25,robust_barrier_mpc,combined_abort_stress,7,8,1.00000,0.25000,0.25000,0.25000,0.00000,0.32536,3.39447,0.01604,0.41592,0.26344,0.12964,0.12603,0.13224,0.22797,0.00000
